{
    "R2": 0.8122256224749107,
    "MAE": 2761.060635689962,
    "RMSLE": 0.38573664075696695,
    "RMSE": 5162.97776739431
}