{
    "R2": 0.7971456407917622,
    "MAE": 2822.9590685840794,
    "RMSLE": 0.3821955459278563,
    "RMSE": 5366.2915216591655
}